,tenure,MonthlyCharges,TotalCharges
count,7043.0,7043.0,7043.0
mean,32.37114865824223,64.76169246059918,2279.798991906858
std,24.55948102309446,30.090047097678493,2266.730169965529
min,0.0,18.25,18.8
25%,9.0,35.5,398.55
50%,29.0,70.35,1394.55
75%,55.0,89.85,3786.6
max,72.0,118.75,8684.8
